-193,156,tQ/clsdPNeji6TACBoi8I/rEZdQ=,j1O0xJpooPLxaQrYavffIti9qfQ=
-194,156,tQ/clsdPNeji6TACBoi8I/rEZdQ=,j1O0xJpooPLxaQrYavffIti9qfQ=
-196,158,tQ/clsdPNeji6TACBoi8I/rEZdQ=,upBaN29nudgLWU9N/uABTGSFM08=
-196,159,tQ/clsdPNeji6TACBoi8I/rEZdQ=,upBaN29nudgLWU9N/uABTGSFM08=
-194,157,tQ/clsdPNeji6TACBoi8I/rEZdQ=,j1O0xJpooPLxaQrYavffIti9qfQ=
-193,159,tQ/clsdPNeji6TACBoi8I/rEZdQ=,QMlKC8na6XeQkHK/Tnu/tjDEjss=
-195,158,tQ/clsdPNeji6TACBoi8I/rEZdQ=,upBaN29nudgLWU9N/uABTGSFM08=
-193,158,tQ/clsdPNeji6TACBoi8I/rEZdQ=,QMlKC8na6XeQkHK/Tnu/tjDEjss=
-193,157,tQ/clsdPNeji6TACBoi8I/rEZdQ=,j1O0xJpooPLxaQrYavffIti9qfQ=
-195,159,tQ/clsdPNeji6TACBoi8I/rEZdQ=,upBaN29nudgLWU9N/uABTGSFM08=
-194,158,tQ/clsdPNeji6TACBoi8I/rEZdQ=,QMlKC8na6XeQkHK/Tnu/tjDEjss=
-194,159,tQ/clsdPNeji6TACBoi8I/rEZdQ=,QMlKC8na6XeQkHK/Tnu/tjDEjss=
